Flags, #, Min, Max, Mean, Sd
-default,User,3263.000000,3444.000000,3363.800000,49.393927
,Sys,0.000000,20.000000,8.000000,49.393927
,User+Sys,3279.000000,3452.000000,3371.800000,48.064124
-rjittyc,User,12719.000000,13395.000000,12928.500000,202.444684
,Sys,221.000000,318.000000,259.400000,202.444684
,User+Sys,12996.000000,13656.000000,13187.900000,204.758126
-rjittyc --cached --prune,User,12220.000000,12718.000000,12541.000000,161.836955
,Sys,187.000000,289.000000,249.700000,161.836955
,User+Sys,12464.000000,12947.000000,12790.700000,163.482751
