Flags, #, Min, Max, Mean, Sd
-default,User,15253.000000,15600.000000,15418.200000,110.036176
,Sys,0.000000,12.000000,2.800000,110.036176
,User+Sys,15253.000000,15600.000000,15421.000000,110.060892
-rjittyc,User,13436.000000,13785.000000,13593.700000,100.781000
,Sys,253.000000,345.000000,299.500000,100.781000
,User+Sys,13722.000000,14089.000000,13893.200000,105.072166
-rjittyc --cached --prune,User,12822.000000,13233.000000,13098.500000,138.594553
,Sys,246.000000,332.000000,296.400000,138.594553
,User+Sys,13128.000000,13533.000000,13394.900000,138.448871
