Flags, #, Min, Max, Mean, Sd
-default,User,28139.000000,29090.000000,28545.800000,282.917585
,Sys,0.000000,20.000000,9.600000,282.917585
,User+Sys,28155.000000,29090.000000,28555.400000,277.861188
-rjittyc,User,14275.000000,14615.000000,14426.500000,103.283348
,Sys,216.000000,343.000000,284.100000,103.283348
,User+Sys,14548.000000,14863.000000,14710.600000,96.802066
-rjittyc --cached --prune,User,12716.000000,13269.000000,13072.800000,184.450427
,Sys,236.000000,339.000000,285.600000,184.450427
,User+Sys,13033.000000,13539.000000,13358.400000,187.944247
