Flags, #, Min, Max, Mean, Sd
-default,User,11.000000,23.000000,19.357143,2.990632
,Sys,0.000000,10.000000,1.785714,2.990632
,User+Sys,20.000000,23.000000,21.142857,0.638877
-rjittyc,User,4664.000000,4752.000000,4715.785714,30.145311
,Sys,169.000000,249.000000,203.857143,30.145311
,User+Sys,4900.000000,4938.000000,4919.642857,10.546544
-rjittyc --cached --prune,User,4679.000000,4776.000000,4728.357143,27.642119
,Sys,157.000000,234.000000,191.571429,27.642119
,User+Sys,4894.000000,4943.000000,4919.928571,14.498592
