Flags, #, Min, Max, Mean, Sd
-default,User,12.000000,20.000000,16.571429,2.555506
,Sys,0.000000,8.000000,3.214286,2.555506
,User+Sys,19.000000,21.000000,19.785714,0.557875
-rjittyc,User,4516.000000,4593.000000,4568.928571,26.415537
,Sys,183.000000,275.000000,223.357143,26.415537
,User+Sys,4768.000000,4822.000000,4792.285714,15.424603
-rjittyc --cached --prune,User,4515.000000,4603.000000,4563.857143,26.725742
,Sys,194.000000,276.000000,229.714286,26.725742
,User+Sys,4776.000000,4816.000000,4793.571429,10.675167
