Flags, #, Min, Max, Mean, Sd
-default,User,17.000000,23.000000,20.928571,1.791419
,Sys,0.000000,4.000000,1.142857,1.791419
,User+Sys,21.000000,23.000000,22.071429,0.593330
-rjittyc,User,4421.000000,4583.000000,4492.285714,40.193156
,Sys,156.000000,285.000000,229.142857,40.193156
,User+Sys,4700.000000,4739.000000,4721.428571,10.708570
-rjittyc --cached --prune,User,4467.000000,4574.000000,4506.571429,26.394573
,Sys,165.000000,253.000000,214.357143,26.394573
,User+Sys,4705.000000,4739.000000,4720.928571,12.103508
