Flags, #, Min, Max, Mean, Sd
-default,User,2990.000000,3114.000000,3033.357143,32.433684
,Sys,0.000000,12.000000,3.142857,32.433684
,User+Sys,2994.000000,3114.000000,3036.500000,31.773192
-rjittyc,User,11437.000000,11572.000000,11517.285714,40.735082
,Sys,186.000000,264.000000,216.357143,40.735082
,User+Sys,11672.000000,11797.000000,11733.642857,29.349147
-rjittyc --cached --prune,User,11275.000000,11464.000000,11355.071429,56.950435
,Sys,179.000000,280.000000,224.928571,56.950435
,User+Sys,11534.000000,11674.000000,11580.000000,39.630436
