Flags, #, Min, Max, Mean, Sd
-default,User,2964.000000,3109.000000,3049.357143,31.820046
,Sys,0.000000,8.000000,5.142857,31.820046
,User+Sys,2972.000000,3109.000000,3054.500000,30.735624
-rjittyc,User,11463.000000,11677.000000,11539.857143,53.386538
,Sys,199.000000,302.000000,264.500000,53.386538
,User+Sys,11699.000000,11966.000000,11804.357143,67.101849
-rjittyc --cached --prune,User,13872.000000,16393.000000,15040.357143,949.523385
,Sys,225.000000,305.000000,268.214286,949.523385
,User+Sys,14097.000000,16646.000000,15308.571429,954.471485
