Flags, #, Min, Max, Mean, Sd
-default,User,3419.000000,3559.000000,3486.928571,47.394189
,Sys,0.000000,12.000000,5.142857,47.394189
,User+Sys,3427.000000,3559.000000,3492.071429,45.417845
-rjittyc,User,11599.000000,11836.000000,11719.357143,69.897483
,Sys,239.000000,328.000000,290.214286,69.897483
,User+Sys,11908.000000,12131.000000,12009.571429,65.176370
-rjittyc --cached --prune,User,11362.000000,11550.000000,11435.000000,50.078510
,Sys,206.000000,326.000000,293.214286,50.078510
,User+Sys,11667.000000,11869.000000,11728.214286,49.458754
