Flags, #, Min, Max, Mean, Sd
-default,User,26275.000000,26702.000000,26450.071429,105.028203
,Sys,0.000000,12.000000,4.571429,105.028203
,User+Sys,26275.000000,26706.000000,26454.642857,105.895911
-rjittyc,User,12904.000000,13078.000000,13016.428571,45.449681
,Sys,215.000000,378.000000,257.642857,45.449681
,User+Sys,13246.000000,13307.000000,13274.071429,19.396113
-rjittyc --cached --prune,User,11790.000000,11934.000000,11848.642857,32.345473
,Sys,242.000000,309.000000,271.500000,32.345473
,User+Sys,12079.000000,12192.000000,12120.142857,30.267515
