Flags, #, Min, Max, Mean, Sd
-default,User,26208.000000,26845.000000,26539.357143,190.075777
,Sys,0.000000,8.000000,3.714286,190.075777
,User+Sys,26208.000000,26849.000000,26543.071429,190.617967
-rjittyc,User,12612.000000,12740.000000,12672.714286,31.246551
,Sys,273.000000,379.000000,333.214286,31.246551
,User+Sys,12955.000000,13083.000000,13005.928571,30.555486
-rjittyc --cached --prune,User,11401.000000,11554.000000,11468.500000,41.905932
,Sys,276.000000,364.000000,327.785714,41.905932
,User+Sys,11756.000000,11845.000000,11796.285714,25.242902
