Flags, #, Min, Max, Mean, Sd
-default,User,26300.000000,27353.000000,26556.285714,258.698785
,Sys,0.000000,8.000000,3.428571,258.698785
,User+Sys,26308.000000,27361.000000,26559.714286,258.653499
-rjittyc,User,12386.000000,12569.000000,12494.500000,44.899491
,Sys,272.000000,375.000000,305.571429,44.899491
,User+Sys,12761.000000,12847.000000,12800.071429,27.605549
-rjittyc --cached --prune,User,11164.000000,11263.000000,11210.000000,28.152645
,Sys,262.000000,345.000000,301.500000,28.152645
,User+Sys,11480.000000,11546.000000,11511.500000,21.701712
