Flags, #, Min, Max, Mean, Sd
-default,User,3.000000,10.000000,6.900000,2.624881
,Sys,0.000000,6.000000,2.900000,2.624881
,User+Sys,9.000000,10.000000,9.800000,0.400000
-rjittyc,User,3408.000000,3651.000000,3474.400000,68.178002
,Sys,140.000000,218.000000,185.800000,68.178002
,User+Sys,3597.000000,3852.000000,3660.200000,75.252641
-rjittyc --cached --prune,User,3371.000000,3447.000000,3410.600000,19.910801
,Sys,152.000000,225.000000,193.700000,19.910801
,User+Sys,3563.000000,3636.000000,3604.300000,21.316895
