Flags, #, Min, Max, Mean, Sd
-default,User,5.000000,10.000000,8.900000,1.972308
,Sys,0.000000,5.000000,1.000000,1.972308
,User+Sys,9.000000,10.000000,9.900000,0.300000
-rjittyc,User,3051.000000,3157.000000,3106.700000,30.874099
,Sys,144.000000,216.000000,173.500000,30.874099
,User+Sys,3260.000000,3338.000000,3280.200000,21.715432
-rjittyc --cached --prune,User,3048.000000,3149.000000,3087.500000,29.601520
,Sys,140.000000,231.000000,196.500000,29.601520
,User+Sys,3244.000000,3324.000000,3284.000000,26.888659
