Flags, #, Min, Max, Mean, Sd
-default,User,3.000000,10.000000,7.800000,2.181742
,Sys,0.000000,6.000000,1.400000,2.181742
,User+Sys,9.000000,10.000000,9.200000,0.400000
-rjittyc,User,3069.000000,3178.000000,3117.000000,31.689115
,Sys,137.000000,226.000000,187.200000,31.689115
,User+Sys,3272.000000,3324.000000,3304.200000,15.302287
-rjittyc --cached --prune,User,3062.000000,3191.000000,3110.500000,32.858028
,Sys,141.000000,215.000000,181.200000,32.858028
,User+Sys,3226.000000,3332.000000,3291.700000,29.536587
