Flags, #, Min, Max, Mean, Sd
-default,User,7.000000,15.000000,11.500000,2.578759
,Sys,0.000000,7.000000,3.100000,2.578759
,User+Sys,14.000000,15.000000,14.600000,0.489898
-rjittyc,User,6244.000000,6409.000000,6328.500000,48.898364
,Sys,166.000000,254.000000,227.900000,48.898364
,User+Sys,6481.000000,6614.000000,6556.400000,34.517242
-rjittyc --cached --prune,User,6244.000000,6342.000000,6294.600000,34.502754
,Sys,153.000000,277.000000,222.500000,34.502754
,User+Sys,6458.000000,6578.000000,6517.100000,36.882109
