Flags, #, Min, Max, Mean, Sd
-default,User,18.000000,23.000000,20.100000,1.868154
,Sys,0.000000,5.000000,2.500000,1.868154
,User+Sys,22.000000,24.000000,22.600000,0.663325
-rjittyc,User,5220.000000,5316.000000,5267.900000,25.382868
,Sys,181.000000,255.000000,220.000000,25.382868
,User+Sys,5456.000000,5528.000000,5487.900000,25.224789
-rjittyc --cached --prune,User,5246.000000,5393.000000,5300.500000,40.130412
,Sys,148.000000,259.000000,194.100000,40.130412
,User+Sys,5454.000000,5541.000000,5494.600000,31.499841
