Flags, #, Min, Max, Mean, Sd
-default,User,0.000000,9.000000,6.000000,3.422614
,Sys,0.000000,9.000000,3.142857,3.422614
,User+Sys,9.000000,10.000000,9.142857,0.349927
-rjittyc,User,2759.000000,2843.000000,2790.357143,23.399045
,Sys,119.000000,197.000000,163.928571,23.399045
,User+Sys,2937.000000,2995.000000,2954.285714,16.541846
-rjittyc --cached --prune,User,2760.000000,2856.000000,2804.642857,25.805888
,Sys,104.000000,196.000000,151.285714,25.805888
,User+Sys,2933.000000,2963.000000,2955.928571,7.195875
