Flags, #, Min, Max, Mean, Sd
-default,User,4.000000,10.000000,8.000000,2.138090
,Sys,0.000000,7.000000,1.714286,2.138090
,User+Sys,9.000000,11.000000,9.714286,0.589015
-rjittyc,User,2675.000000,2753.000000,2714.000000,22.721921
,Sys,147.000000,217.000000,180.142857,22.721921
,User+Sys,2880.000000,2915.000000,2894.142857,9.679560
-rjittyc --cached --prune,User,2641.000000,2748.000000,2712.428571,30.309627
,Sys,142.000000,242.000000,180.142857,30.309627
,User+Sys,2879.000000,2917.000000,2892.571429,11.812308
