Flags, #, Min, Max, Mean, Sd
-default,User,0.000000,11.000000,7.571429,2.993190
,Sys,0.000000,10.000000,2.785714,2.993190
,User+Sys,10.000000,11.000000,10.357143,0.479157
-rjittyc,User,2618.000000,2725.000000,2675.714286,28.857850
,Sys,165.000000,238.000000,194.000000,28.857850
,User+Sys,2856.000000,2892.000000,2869.714286,10.713333
-rjittyc --cached --prune,User,2661.000000,2714.000000,2686.357143,17.686182
,Sys,164.000000,221.000000,187.571429,17.686182
,User+Sys,2852.000000,2892.000000,2873.928571,9.735533
