Flags, #, Min, Max, Mean, Sd
-default,User,3.000000,10.000000,6.857143,2.474358
,Sys,0.000000,6.000000,2.428571,2.474358
,User+Sys,9.000000,10.000000,9.285714,0.451754
-rjittyc,User,3184.000000,3299.000000,3239.000000,25.898152
,Sys,109.000000,213.000000,166.214286,25.898152
,User+Sys,3385.000000,3430.000000,3405.214286,11.409135
-rjittyc --cached --prune,User,3186.000000,3267.000000,3226.714286,23.060258
,Sys,134.000000,216.000000,175.500000,23.060258
,User+Sys,3387.000000,3425.000000,3402.214286,10.379778
