Flags, #, Min, Max, Mean, Sd
-default,User,5.000000,10.000000,8.500000,1.679711
,Sys,0.000000,5.000000,1.214286,1.679711
,User+Sys,9.000000,10.000000,9.714286,0.451754
-rjittyc,User,3089.000000,3198.000000,3148.500000,27.403728
,Sys,149.000000,239.000000,187.857143,27.403728
,User+Sys,3326.000000,3353.000000,3336.357143,8.320432
-rjittyc --cached --prune,User,3125.000000,3206.000000,3160.571429,24.720478
,Sys,138.000000,203.000000,172.642857,24.720478
,User+Sys,3317.000000,3347.000000,3333.214286,8.881591
