Flags, #, Min, Max, Mean, Sd
-default,User,4.000000,11.000000,8.071429,2.520326
,Sys,0.000000,7.000000,2.214286,2.520326
,User+Sys,10.000000,11.000000,10.285714,0.451754
-rjittyc,User,3066.000000,3140.000000,3100.428571,23.490771
,Sys,166.000000,227.000000,200.357143,23.490771
,User+Sys,3286.000000,3337.000000,3300.785714,13.369360
-rjittyc --cached --prune,User,3072.000000,3150.000000,3109.214286,26.227517
,Sys,151.000000,229.000000,188.500000,26.227517
,User+Sys,3277.000000,3316.000000,3297.714286,11.646143
