Flags, #, Min, Max, Mean, Sd
-default,User,14077.000000,14791.000000,14293.500000,160.186833
,Sys,0.000000,12.000000,3.142857,160.186833
,User+Sys,14081.000000,14791.000000,14296.642857,159.099074
-rjittyc,User,12166.000000,12264.000000,12209.214286,26.793332
,Sys,209.000000,302.000000,261.500000,26.793332
,User+Sys,12427.000000,12515.000000,12470.714286,25.381176
-rjittyc --cached --prune,User,11779.000000,11874.000000,11830.714286,28.426418
,Sys,239.000000,310.000000,268.428571,28.426418
,User+Sys,12065.000000,12184.000000,12099.142857,29.332715
