Flags, #, Min, Max, Mean, Sd
-default,User,14166.000000,14422.000000,14303.142857,72.549350
,Sys,0.000000,12.000000,2.571429,72.549350
,User+Sys,14170.000000,14426.000000,14305.714286,73.220244
-rjittyc,User,11863.000000,11980.000000,11912.428571,33.025346
,Sys,281.000000,382.000000,326.571429,33.025346
,User+Sys,12207.000000,12280.000000,12239.000000,21.905642
-rjittyc --cached --prune,User,11465.000000,11620.000000,11542.571429,37.120873
,Sys,262.000000,378.000000,311.642857,37.120873
,User+Sys,11804.000000,11927.000000,11854.214286,34.542269
