Flags, #, Min, Max, Mean, Sd
-default,User,14566.000000,14791.000000,14649.571429,65.257418
,Sys,0.000000,16.000000,4.857143,65.257418
,User+Sys,14570.000000,14795.000000,14654.428571,66.088376
-rjittyc,User,11578.000000,11694.000000,11633.428571,37.858221
,Sys,240.000000,372.000000,320.285714,37.858221
,User+Sys,11928.000000,12005.000000,11953.714286,25.493497
-rjittyc --cached --prune,User,11215.000000,11346.000000,11277.571429,40.204325
,Sys,267.000000,359.000000,313.000000,40.204325
,User+Sys,11548.000000,11631.000000,11590.571429,20.988821
