Flags, #, Min, Max, Mean, Sd
-default,User,0.000000,9.000000,6.000000,2.878492
,Sys,0.000000,9.000000,3.214286,2.878492
,User+Sys,9.000000,11.000000,9.214286,0.557875
-rjittyc,User,2749.000000,2830.000000,2786.857143,22.270599
,Sys,134.000000,207.000000,163.428571,22.270599
,User+Sys,2938.000000,2964.000000,2950.285714,7.333179
-rjittyc --cached --prune,User,2752.000000,2823.000000,2787.928571,20.847968
,Sys,132.000000,204.000000,162.428571,20.847968
,User+Sys,2936.000000,2968.000000,2950.357143,10.478598
