Flags, #, Min, Max, Mean, Sd
-default,User,4.000000,9.000000,6.928571,1.944380
,Sys,0.000000,7.000000,2.357143,1.944380
,User+Sys,9.000000,11.000000,9.285714,0.589015
-rjittyc,User,2682.000000,2765.000000,2723.714286,22.923564
,Sys,123.000000,216.000000,166.571429,22.923564
,User+Sys,2875.000000,2905.000000,2890.285714,9.307666
-rjittyc --cached --prune,User,2689.000000,2775.000000,2724.142857,28.814325
,Sys,116.000000,197.000000,166.285714,28.814325
,User+Sys,2869.000000,2914.000000,2890.428571,11.273954
