Flags, #, Min, Max, Mean, Sd
-default,User,4.000000,10.000000,7.357143,2.741406
,Sys,0.000000,7.000000,2.928571,2.741406
,User+Sys,10.000000,11.000000,10.285714,0.451754
-rjittyc,User,2631.000000,2726.000000,2675.357143,22.777204
,Sys,166.000000,240.000000,198.000000,22.777204
,User+Sys,2856.000000,2892.000000,2873.357143,9.633329
-rjittyc --cached --prune,User,2626.000000,2736.000000,2681.928571,27.254002
,Sys,147.000000,234.000000,188.642857,27.254002
,User+Sys,2856.000000,2883.000000,2870.571429,8.837536
