Flags, #, Min, Max, Mean, Sd
-default,User,7.000000,15.000000,11.642857,2.966651
,Sys,0.000000,7.000000,2.142857,2.966651
,User+Sys,13.000000,15.000000,13.785714,0.557875
-rjittyc,User,5618.000000,5739.000000,5659.428571,31.196873
,Sys,157.000000,253.000000,219.785714,31.196873
,User+Sys,5852.000000,5938.000000,5879.214286,19.442878
-rjittyc --cached --prune,User,5617.000000,5752.000000,5661.500000,33.767588
,Sys,153.000000,247.000000,204.714286,33.767588
,User+Sys,5847.000000,5905.000000,5866.214286,17.238572
