Flags, #, Min, Max, Mean, Sd
-default,User,7.000000,14.000000,12.571429,2.226922
,Sys,0.000000,7.000000,1.285714,2.226922
,User+Sys,13.000000,15.000000,13.857143,0.515079
-rjittyc,User,5434.000000,5577.000000,5482.500000,32.740866
,Sys,187.000000,276.000000,243.214286,32.740866
,User+Sys,5709.000000,5764.000000,5725.714286,15.709090
-rjittyc --cached --prune,User,5459.000000,5536.000000,5496.071429,22.001507
,Sys,203.000000,249.000000,232.642857,22.001507
,User+Sys,5705.000000,5756.000000,5728.714286,13.713542
