Flags, #, Min, Max, Mean, Sd
-default,User,5.000000,15.000000,11.642857,3.557831
,Sys,0.000000,9.000000,3.071429,3.557831
,User+Sys,14.000000,15.000000,14.714286,0.451754
-rjittyc,User,5357.000000,5417.000000,5388.285714,20.516295
,Sys,205.000000,261.000000,231.642857,20.516295
,User+Sys,5603.000000,5648.000000,5619.928571,12.377770
-rjittyc --cached --prune,User,5335.000000,5438.000000,5382.285714,31.260264
,Sys,213.000000,281.000000,244.285714,31.260264
,User+Sys,5606.000000,5657.000000,5626.571429,13.880687
