Flags, #, Min, Max, Mean, Sd
-default,User,5.000000,9.000000,7.357143,1.756911
,Sys,0.000000,5.000000,1.857143,1.756911
,User+Sys,9.000000,10.000000,9.214286,0.410326
-rjittyc,User,3029.000000,3222.000000,3074.642857,45.951227
,Sys,149.000000,211.000000,176.642857,45.951227
,User+Sys,3222.000000,3422.000000,3251.285714,49.275361
-rjittyc --cached --prune,User,2992.000000,3150.000000,3068.785714,42.686864
,Sys,111.000000,240.000000,174.000000,42.686864
,User+Sys,3218.000000,3347.000000,3242.785714,31.380564
