Flags, #, Min, Max, Mean, Sd
-default,User,0.000000,10.000000,8.071429,2.987218
,Sys,0.000000,10.000000,1.785714,2.987218
,User+Sys,9.000000,10.000000,9.857143,0.349927
-rjittyc,User,2920.000000,3007.000000,2972.285714,25.115245
,Sys,140.000000,242.000000,181.000000,25.115245
,User+Sys,3136.000000,3173.000000,3153.285714,11.491789
-rjittyc --cached --prune,User,2916.000000,3014.000000,2969.928571,25.788880
,Sys,145.000000,223.000000,180.357143,25.788880
,User+Sys,3139.000000,3170.000000,3150.285714,9.639417
