Flags, #, Min, Max, Mean, Sd
-default,User,4.000000,11.000000,8.857143,2.199258
,Sys,0.000000,7.000000,1.714286,2.199258
,User+Sys,10.000000,11.000000,10.571429,0.494872
-rjittyc,User,2906.000000,2977.000000,2935.785714,21.732722
,Sys,165.000000,235.000000,200.785714,21.732722
,User+Sys,3120.000000,3144.000000,3136.571429,7.374805
-rjittyc --cached --prune,User,2882.000000,2977.000000,2937.571429,22.761855
,Sys,162.000000,240.000000,194.500000,22.761855
,User+Sys,3122.000000,3153.000000,3132.071429,8.514394
